{
    "train": {
        "accuracy": 9.560671109071636,
        "loss": 0.904258199356722
    },
    "val": {
        "accuracy": 9.328604684689964,
        "loss": 0.4040231513031185
    },
    "step": 9
}
