step	accuracy
0	0.48941679280142236
1	1.2140477632758162
2	2.0177934740575374
3	3.8841506857492005
4	4.622776573213972
5	5.771761801953545
6	6.441385160233547
7	7.832852193180769
8	8.892154760372176
9	9.560671109071636
